Source,City,State,Date,Link,Item(s),Age,Gender,Race,Profession,Perpetrator/Victim/Other,Crime,Notes
NYT,New York,New York,1/16/1870,https://www.nytimes.com/1870/01/16/archives/troubles-of-a-prima-donna-a-fair-songstress-and-her-lover-arrested.html,money,young,f,Russian,Prima Donna,Perpetrator,Theft,
Delaware County Republican,Upper Chichester,Pennsylvania,1/28/1870,https://accessible.com/accessible/emailedURL?AADoc=DELAWARECOUNTYREPUBLICAN.DE1870012814.25197,"handkerchief, money",20,f,light complexion,,Victim,Sudden death,Dead body
NYT,Piqua,Ohio,2/14/1870,https://timesmachine.nytimes.com/timesmachine/1870/02/14/80255301.html?pageNumber=1,gun,young,f,,,Perpetrator,Attempted Murder,
Massachusetts Ploughman and New England Journal of Agriculture (1842-1906),New York,New York,8/6/1870,http://nuncio.cofc.edu/login?url=https://www.proquest.com/magazines/mysterious-murder/docview/136319687/se-2?accountid=9959,"watch, key",,m,,retired broker,Victim,Murder,
NYT,New York,New York,8/11/1870,https://timesmachine.nytimes.com/timesmachine/1870/08/11/83469712.html?pageNumber=3,"money, stocks, bond",,m,,,Victim,Theft,
NYT,New York,New York,8/11/1870,https://timesmachine.nytimes.com/timesmachine/1870/08/11/83469712.html?pageNumber=3,watch,,m,,,Victim,Theft,
NYT,New York,New York,8/11/1870,https://timesmachine.nytimes.com/timesmachine/1870/08/11/83469712.html?pageNumber=3,watch,,m,,,Victim,Theft,
NYT,New York,New York,8/11/1870,https://timesmachine.nytimes.com/timesmachine/1870/08/11/83469712.html?pageNumber=3,gun,,m,,Fence (stolen goods),Perpetrator,Theft,
NYT,New York,New York,8/11/1870,https://timesmachine.nytimes.com/timesmachine/1870/08/11/83469712.html?pageNumber=3,jewelery,,m,,,Perpetrator,Theft,
The Youth's Companion (1827-1929),Boston,Massachusetts,1/19/1871,http://nuncio.cofc.edu/login?url=https://www.proquest.com/magazines/injustice-poor-girl/docview/127036360/se-2?accountid=9959,fabric,16,f,German,Fringe and trimming factory employee,Victim,Theft,Accidental misunderstanding
The Revolution,Brooklyn,New York,3/2/1871,https://accessible.com/accessible/emailedURL?AADoc=THEREVOLUTION.RV1871030203.00003,ring,,f,,,Victim,Theft,pickpocket
Knoxville daily chronicle. [volume],Knoxville,Tennessee,3/8/1871,https://chroniclingamerica.loc.gov/lccn/sn85033437/1871-03-08/ed-1/seq-1/#words=of+her+pockets,"wine, lace, baby dresses, trimming, glove, stockings, figured glass, earings, Bible",,f,,,Perpetrator,Shoplifting,Commented that it was a lot to carry
Christian Advocate (1866-1905),New York,New York,4/20/1871,http://nuncio.cofc.edu/login?url=https://www.proquest.com/magazines/sad-death-minister/docview/125958155/se-2?accountid=9959,"money, memorandum book, eyeglasses, contract with Chippewa Indians",,m,,Reverend,Victim,Sudden death,
Maine Farmer (1844-1900),Augusta,Maine,9/23/1871,http://nuncio.cofc.edu/login?url=https://www.proquest.com/magazines/article-10-no-title/docview/135666137/se-2?accountid=9959,"watch, chain, locket",27,f,,Reverend's Wife,Victim,Missing Person,
Semi-weekly Louisianian. [volume],New Orleans,Louisiana,12/24/1871,https://chroniclingamerica.loc.gov/lccn/sn83016631/1871-12-24/ed-1/seq-4/#words=on+his+person,gun,,m,Black,,Witness,Murder,
Maine Farmer (1844-1900),Augusta,Maine,5/25/1872,http://nuncio.cofc.edu/login?url=https://www.proquest.com/magazines/article-6-no-title/docview/135724050/se-2?accountid=9959,"bond, money, gold",,f,,Mental Patient,Act of insanity,Act of insanity,
NYT,Philadelphia,Pennsylvania,6/20/1872,https://timesmachine.nytimes.com/timesmachine/1872/06/20/79022898.html?pageNumber=1,bond,,m,,Convict,Perpetrator,Bank Robbery,
NYT,New York,New York,8/18/1872,https://timesmachine.nytimes.com/timesmachine/1872/08/18/79187760.html?pageNumber=1,handkerchief,50,m,,,Victim,Sudden death,
The Albany Law Journal; A Weekly Record of the Law and the Lawyers (1870-1908),Marietta,Ohio,8/31/1872,http://nuncio.cofc.edu/login?url=https://www.proquest.com/reports/notes-cases/docview/124862534/se-2?accountid=9959,money,,m,,Plaintiff's agent (courier?),Victim,Railroad fire,
NYT,New York,New York,11/6/1872,https://timesmachine.nytimes.com/timesmachine/1872/11/06/79199650.html?pageNumber=2,comb,12,f,,,Victim,Murder,hairbrush?
New York Observer and Chronicle (1833-1912),Detroit,Michigan,11/7/1872,http://nuncio.cofc.edu/login?url=https://www.proquest.com/magazines/ladies-smuggling/docview/136633078/se-2?accountid=9959,fabric,,f,,,Perpetrator,Smuggling,
New York Observer and Chronicle (1833-1912),Detroit,Michigan,11/7/1872,http://nuncio.cofc.edu/login?url=https://www.proquest.com/magazines/ladies-smuggling/docview/136633078/se-2?accountid=9959,tea,,f,,,Perpetrator,Smuggling,
New York Observer and Chronicle (1833-1912),Detroit,Michigan,11/7/1872,http://nuncio.cofc.edu/login?url=https://www.proquest.com/magazines/ladies-smuggling/docview/136633078/se-2?accountid=9959,"ribbon, lace",,f,,,Perpetrator,Smuggling,
New York Observer and Chronicle (1833-1912),Detroit,Michigan,11/7/1872,http://nuncio.cofc.edu/login?url=https://www.proquest.com/magazines/ladies-smuggling/docview/136633078/se-2?accountid=9959,fabric,,f,,,Perpetrator,Smuggling,
NYT,Buffalo,New York,6/27/1873,https://timesmachine.nytimes.com/timesmachine/1873/06/27/90529111.html?pageNumber=1,"jewelery, silverware, ring, watch",,m,,,Perpetrator,Theft,
Godey's Lady's Book,New York,New York,8/1/1873,http://nuncio.cofc.edu/login?url=https://www.proquest.com/magazines/found-dead/docview/126047318/se-2?accountid=9959,locket,7,m,,BootBlack,Victim,Sudden death,
Massachusetts Ploughman and New England Journal of Agriculture (1842-1906),Wickenburg,Arizona,8/30/1873,http://nuncio.cofc.edu/login?url=https://www.proquest.com/magazines/her-sake/docview/136351221/se-2?accountid=9959,"sketch, poem",22,m,,Newspaper correspondent,Victim,Murder,Killed by Apaches
The Albany register. [volume],Albany,Oregon,3/28/1874,https://chroniclingamerica.loc.gov/lccn/sn84022643/1874-03-28/ed-1/seq-6/#words=upon+the+person,"key, coins",,m,,,Victim,Unidentified body,
The Indiana State sentinel. [volume],New York,New York,6/16/1874,https://chroniclingamerica.loc.gov/lccn/sn87056600/1874-06-16/ed-1/seq-1/#words=from+her+pocket,"diamonds, watch, chain",,m,Swedish,seacaptain,Victim,Theft,
The Indiana State sentinel. [volume],New York,New York,6/16/1874,https://chroniclingamerica.loc.gov/lccn/sn87056600/1874-06-16/ed-1/seq-1/#words=from+her+pocket,"box, pastil, handkerchief",,f,,,Perpetrator,Theft,
The state journal.,Kansas City,Missouri,12/25/1874,https://chroniclingamerica.loc.gov/lccn/sn87052128/1874-12-25/ed-1/seq-3/#words=on+his+person,"papers, memorandum book, certificate, prescription, letter",,m,,brakeman,Victim,Murder,
NYT,New Brunswick,New Jersey,2/18/1875,https://timesmachine.nytimes.com/timesmachine/1875/02/18/82420609.html?pageNumber=2,"pocketbook, money",,m,white,coachman,Perpetrator,Murder,
NYT,Denver City,Colorado,3/26/1875,https://timesmachine.nytimes.com/timesmachine/1875/03/26/90532323.html?pageNumber=12,"money, land deeds, watch, ring, ",young,m,,clerk,Perpetrator,Theft,
The Stark County Democrat. [volume],Brooklyn,New York,4/8/1875,https://chroniclingamerica.loc.gov/lccn/sn84028490/1875-04-08/ed-1/seq-2/#words=from+his+pocket,letter,,m,,,Perpetrator,Adultery,
The daily phoenix. [volume],Columbia,South Carolina,5/28/1875,https://chroniclingamerica.loc.gov/lccn/sn84027008/1875-05-28/ed-1/seq-1.json,inventory of stolen goods,,m,,Police Sargeant,Perpetrator,Theft,May have stolen from prisoner
The daily phoenix. [volume],Columbia,South Carolina,5/28/1875,https://chroniclingamerica.loc.gov/lccn/sn84027008/1875-05-28/ed-1/seq-1.json,"handkerchief, ring, watch, chain, pin, cross, gun, knife, papers, stamp",,,,,Victim,Theft,Prisoner who had items stolen
Ohio Farmer (1856-1906),Cleveland,Ohio,7/31/1875,https://chroniclingamerica.loc.gov/lccn/sn84038206/1875-07-31/ed-1/seq-6/#words=in+her+possession,"jewels, lace, glove",,f,,,Perpetrator,Smuggling,
Martinsburg independent. [volume],New York,New York,7/31/1875,http://nuncio.cofc.edu/login?url=https://www.proquest.com/magazines/she-did-not-smuggle/docview/137246524/se-2?accountid=9959,"ring, handkerchief, morphine",28,f,,Colonel's wife,Victim,Theft,
NYT,New York,New York,8/27/1875,https://timesmachine.nytimes.com/timesmachine/1875/08/27/79090980.html?pageNumber=5,gun,,m,,constable,Perpetrator,Murder,self defence
NYT,New York,New York,1/19/1876,https://timesmachine.nytimes.com/timesmachine/1876/01/19/84801799.html?pageNumber=3,money,,f,,sewing machine establishment employee,Victim,Theft,
NYT,New York,New York,3/9/1876,https://timesmachine.nytimes.com/timesmachine/1876/03/09/81687190.html?pageNumber=5,gold,70,m,Cuban,businessman,Victim,Kidnapping,
Maine Farmer (1844-1900),Augusta,Maine,8/26/1876,http://nuncio.cofc.edu/login?url=https://www.proquest.com/magazines/wife-train-robber/docview/135832089/se-2?accountid=9959,"money, handkerchief",17,f,,wife of brakeman,Victim,Suicide,
"The Albion, A Journal of News, Politics and Literature (1822-1876)",East Cambridge,Massachusetts,11/25/1876,http://nuncio.cofc.edu/login?url=https://www.proquest.com/magazines/items-interest/docview/89569267/se-2?accountid=9959,money,,m,,,Perpetrator,Public drunkenness,
Bismarck weekly tribune. [volume],Washington,District of Columbia,2/14/1877,https://chroniclingamerica.loc.gov/lccn/sn84022129/1877-02-14/ed-1/seq-2/#words=on+his+person,"gun, slung-shot, sword cane, knife, brass knuckles, ammunition",70,m,,Governor,Perpetrator,Voter Fraud,
NYT,New York,New York,4/23/1877,https://timesmachine.nytimes.com/timesmachine/1877/04/23/80642282.html?pageNumber=8,money,,m,,appeared to be a business man,Act of insanity,Act of insanity,Set several small fires
Nebraska advertiser. [volume],San Francisco,California,5/24/1877,https://chroniclingamerica.loc.gov/lccn/sn84020109/1877-05-24/ed-1/seq-1/#words=in+his+pocket,letter,,m,,,Victim,Spontaneous combustion,From San Francisco Chronicle
NYT,Baltimore,Maryland,8/4/1877,https://timesmachine.nytimes.com/timesmachine/1877/08/04/81707988.html?pageNumber=1,"letter, clippings, murder confession",,m,,Con artist,Perpetrator,"Theft, impersonation, Murder, grave robbing",
Dodge City times. [volume],Palo Duro,Texas,10/20/1877,https://chroniclingamerica.loc.gov/lccn/sn84029838/1877-10-20/ed-1/seq-5/#words=in+his+possession,gold,,m,,,Perpetrator,Murder,
Philadelphia Medical Times (1871-1889),Philadelphia,Pennsylvania,12/8/1877,http://nuncio.cofc.edu/login?url=https://www.proquest.com/magazines/case-arsenical-poisoning-treated-with-dialyzed/docview/136875704/se-2?accountid=9959,arsenic packet,young,f,,,Victim,Accident,Nursed victim
Morning appeal. [volume],Carson City,Nevada,12/18/1877,https://chroniclingamerica.loc.gov/lccn/sn86076999/1877-12-18/ed-1/seq-3/#words=on+his+person,opium,advanced in years,m,Chinese,,Victim,Suicide,
Morning appeal. [volume],Carson City,Nevada,12/18/1877,https://chroniclingamerica.loc.gov/lccn/sn86076999/1877-12-18/ed-1/seq-3/#words=on+his+person,"money, check",,m,,wealthy,Perpetrator,Public drunkenness,
Dodge City times. [volume],Bakersfield,California,1/12/1878,https://chroniclingamerica.loc.gov/lccn/sn84029838/1878-01-12/ed-1/seq-6/#words=in+his+pockets,key,,m,,Sheriff,Victim,Theft,"Sheriff's keys stolen by lynch mob, took place in Bakersfield, CA"
Dodge City times. [volume],Bakersfield,California,1/12/1878,https://chroniclingamerica.loc.gov/lccn/sn84029838/1878-01-12/ed-1/seq-6/#words=in+his+pockets,"key, money",,m,,Wells Fargo Agent,Victim,Theft,"Took place in Bakersfield, CA"
NYT,New York,New York,2/24/1878,https://www.nytimes.com/1878/02/24/archives/adroit-pocketpicking.html,"watch, chain",,m,German,,Victim,Theft,
NYT,New York,New York,3/10/1878,https://timesmachine.nytimes.com/timesmachine/1878/03/10/issue.html,"handkerchief, money",,f,Scotch,washerwoman,Victim,Lost Property,
NYT,New York,New York,3/10/1878,https://timesmachine.nytimes.com/timesmachine/1878/03/10/issue.html,"money, theatre ticket",young,m,,,Victim,Lost Property,
NYT,New York,New York,3/10/1878,https://timesmachine.nytimes.com/timesmachine/1878/03/10/issue.html,money,old,f,,,Victim,Lost Property,"""Her description was given in as general terms as possible, and might have answered for any pocket-book made of russia leather, as nearly all those now in use are."""
NYT,New York,New York,3/10/1878,https://timesmachine.nytimes.com/timesmachine/1878/03/10/issue.html,"money, clippings",young,f,,,Victim,Lost Property,
NYT,New York,New York,3/10/1878,https://timesmachine.nytimes.com/timesmachine/1878/03/10/issue.html,"money, clippings",young,f,,,Victim,Lost Property,
NYT,New York,New York,3/10/1878,https://timesmachine.nytimes.com/timesmachine/1878/03/10/issue.html,"money, ferry ticket",young,f,,,Victim,Lost Property,
NYT,New York,New York,3/10/1878,https://timesmachine.nytimes.com/timesmachine/1878/03/10/issue.html,"money, clippings, train ticket",young,f,,,Victim,Lost Property,
NYT,New York,New York,3/10/1878,https://timesmachine.nytimes.com/timesmachine/1878/03/10/issue.html,money,,f,,,Victim,Lost Property,
NYT,New York,New York,3/10/1878,https://timesmachine.nytimes.com/timesmachine/1878/03/10/issue.html,"money, key, milk ticket",,f,,,Victim,Lost Property,"""It also contained some newspaper clippings, for nearly everybody has some newspaper clippings in his pocket-book."""
NYT,New York,New York,3/10/1878,https://timesmachine.nytimes.com/timesmachine/1878/03/10/issue.html,"money, receipt",,f,,,Victim,Lost Property,
NYT,New York,New York,3/10/1878,https://timesmachine.nytimes.com/timesmachine/1878/03/10/issue.html,money,,f,,,Victim,Lost Property,
The news and herald.,Winnsboro,South Carolina,5/25/1878,https://chroniclingamerica.loc.gov/lccn/sn93067705/1878-05-25/ed-1/seq-2/#words=of+her+pockets,"bottles, pint dipper, spoons, knife, razor, tea, coffee, salt, sugar, bread, soap, wire, clothes",,f,,tramp,Perpetrator,Vagrancy,
NYT,Yonkers,New York,7/2/1878,https://www.nytimes.com/1878/07/02/archives/mrs-wertheimer-found-drowned-her-body-discovered-floating-in-the.html,"watch, money",,f,,,Victim,Drowning,
The National Police Gazette (1845-1906),Lebanon,Ohio,7/13/1878,http://nuncio.cofc.edu/login?url=https://www.proquest.com/magazines/wifes-strange-story/docview/127596682/se-2?accountid=9959,laudanum,,f,,wife of retired saloon keeper,Victim,Attempted Suicide,
NYT,New York,New York,12/13/1878,https://timesmachine.nytimes.com/timesmachine/1878/12/13/80739406.html?pageNumber=3,memorandum book,,m,,Preacher,Victim,Suicide,
NYT,New York,New York,12/25/1878,https://www.nytimes.com/1878/12/25/archives/missing-persons.html,"paint, varnish brushes, tin can, money, watch, chain",,m,,carriage painter,Victim,Missing Person,
The National Police Gazette (1845-1906),Norwalk,Connecticut,1/11/1879,http://nuncio.cofc.edu/login?url=https://www.proquest.com/magazines/mysterious-tragedy/docview/127614452/se-2?accountid=9959,money,,m,,Wealthy gentleman,Victim,Murder,
"The New Bloomfield, Pa. times.",New Bloomfield,Pennsylvania,2/4/1879,https://chroniclingamerica.loc.gov/lccn/sn90069164/1879-02-04/ed-1/seq-8/#words=on+his+person,money,,m,,Farmer,Victim,Murder,
NYT,New York,New York,5/8/1879,https://timesmachine.nytimes.com/timesmachine/1879/05/08/issue.html,money,,f,,widow,Victim,Theft,
The National Police Gazette (1845-1906),New York,New York,6/14/1879,http://nuncio.cofc.edu/login?url=https://www.proquest.com/magazines/sobered-being-buried/docview/127613119/se-2?accountid=9959,calling card,,m,,Carpenter,Victim,Murder,
Massachusetts Ploughman and New England Journal of Agriculture (1842-1906),Laconia,New Hampshire,8/9/1879,http://nuncio.cofc.edu/login?url=https://www.proquest.com/magazines/article-3-no-title/docview/136365402/se-2?accountid=9959,jewels,,f,,,Perpetrator,Theft,
"The New England Farmer, and Horticultural Register (1822-1890)",Boston,Massachusetts,8/23/1879,http://nuncio.cofc.edu/login?url=https://www.proquest.com/trade-journals/murder-boston/docview/127881980/se-2?accountid=9959,"silver, watch",,m,,merchant,Victim,Murder,
The National Police Gazette (1845-1906),New York,New York,8/30/1879,http://nuncio.cofc.edu/login?url=https://www.proquest.com/magazines/murder-mid-ocean/docview/127607142/se-2?accountid=9959,knife,,m,Danish,steerage passenger,Perpetrator,Murder,
The National Police Gazette (1845-1906),New York,New York,8/30/1879,http://nuncio.cofc.edu/login?url=https://www.proquest.com/magazines/suicide-steamer/docview/127602874/se-2?accountid=9959,"pawn ticket, note, bill",25-30,f,English,,Victim,Suicide,
NYT,New York,New York,10/2/1879,https://timesmachine.nytimes.com/timesmachine/1879/10/02/80697529.html?pageNumber=3,money,,m,,,Victim,Theft,
"The New Bloomfield, Pa. times.",Philadelphia,Pennsylvania,10/7/1879,https://chroniclingamerica.loc.gov/lccn/sn90069164/1879-10-07/ed-1/seq-8/#words=in+her+pocketbook,"money, ring",,f,,,Victim,Theft,
Daily press and Dakotaian. [volume],Yankton,South Dakota,12/13/1879,https://chroniclingamerica.loc.gov/lccn/sn84022144/1879-12-13/ed-1/seq-4/#words=from+his+pockets,money,,m,,,Victim,"Assault, Theft",
The National Police Gazette (1845-1906),New York,New York,12/13/1879,http://nuncio.cofc.edu/login?url=https://www.proquest.com/magazines/astounding-conspiracy/docview/127604245/se-2?accountid=9959,money,40,m,,,Perpetrator,Attempted Murder,
The National Police Gazette (1845-1906),Brooklyn,New York,1/10/1880,https://timesmachine.nytimes.com/timesmachine/1880/01/10/98876762.html?pageNumber=3,money,,f,,wife of merchant,Perpetrator,Public drunkenness,
NYT,New York,New York,1/10/1880,http://nuncio.cofc.edu/login?url=https://www.proquest.com/magazines/her-pocketbook-was-there/docview/127616723/se-2?accountid=9959,money,,f,,,Victim,Theft,
NYT,Tilton,New Hampshire,2/2/1880,https://timesmachine.nytimes.com/timesmachine/1880/02/02/98883506.html?pageNumber=1,money,,m,,Tax Collector,Both,Lost Property,
NYT,New York,New York,3/11/1880,https://timesmachine.nytimes.com/timesmachine/1880/03/11/issue.html,"money, papers, receipt, train ticket, bill",,m,,,Victim,Lost Property,
NYT,New York,New York,3/11/1880,https://timesmachine.nytimes.com/timesmachine/1880/03/11/issue.html,"money, receipt, card, civil war union enlistment report, calling card, pencil",,m,,,Victim,Lost Property,
NYT,New York,New York,3/11/1880,https://timesmachine.nytimes.com/timesmachine/1880/03/11/issue.html,"card, calling card, receipt, dance card, money",,,,,Victim,Lost Property,
NYT,New York,New York,3/11/1880,https://timesmachine.nytimes.com/timesmachine/1880/03/11/issue.html,"card, stone,",,,,,Victim,Lost Property,
NYT,New York,New York,3/11/1880,https://timesmachine.nytimes.com/timesmachine/1880/03/11/issue.html,"money, key, papers",,,,,Victim,Lost Property,
NYT,New York,New York,3/11/1880,https://timesmachine.nytimes.com/timesmachine/1880/03/11/issue.html,"money, stamp",,f,,cook,Victim,Lost Property,
NYT,New York,New York,3/11/1880,https://timesmachine.nytimes.com/timesmachine/1880/03/11/issue.html,"money, calling card",,f,,,Victim,Lost Property,
NYT,New York,New York,3/11/1880,https://timesmachine.nytimes.com/timesmachine/1880/03/11/issue.html,"money, ivory",,f,,,Victim,Lost Property,paper
NYT,New York,New York,3/11/1880,https://timesmachine.nytimes.com/timesmachine/1880/03/11/issue.html,money,,f,,,Victim,Lost Property,
NYT,New York,New York,3/11/1880,https://timesmachine.nytimes.com/timesmachine/1880/03/11/issue.html,money,,f,,,Victim,Lost Property,
The Dallas daily herald. [volume],Dallas,Texas,3/23/1880,https://chroniclingamerica.loc.gov/lccn/sn83025733/1880-03-23/ed-1/seq-1/#words=in+his+pocket,gun,,m,,,Perpetrator,Murder,
NYT,New York,New York,4/10/1880,https://www.nytimes.com/1880/04/10/archives/death-from-laudanum.html,laudanum,,m,,engraver,Victim,Suicide,
The National Police Gazette (1845-1906),Nashville,Tennessee,9/11/1880,http://nuncio.cofc.edu/login?url=https://www.proquest.com/magazines/society-notes/docview/127607538/se-2?accountid=9959,money,,f,,,Victim,Assault,Perpetrator lynched
The Vancouver independent.,Vancouver,Washington,10/7/1880,https://chroniclingamerica.loc.gov/lccn/sn87093109/1880-10-07/ed-1/seq-2/#words=from+his+pockets,"snakes, spiders, scorpions, centipedes, lizards",,m,,,Perpetrator,Animal smuggling?,
NYT,Wytheville,Virginia,11/7/1880,https://www.nytimes.com/1880/11/07/archives/senator-witherss-pocketbook-it-is-stolen-in-this-citya-forged-check.html,"money, check, canceled note",59,m,,Senator,Victim,Theft,
NYT,New York,New York,12/22/1880,https://www.nytimes.com/1880/12/22/archives/missing-from-his-friends-anxiety-about-a-frenchman-who-had-money-in.html,money,52,m,French,businessman,Victim,Missing Person,
The Morehouse clarion. [volume],Ringgold,Louisiana,3/4/1881,https://chroniclingamerica.loc.gov/lccn/sn86053659/1881-03-04/ed-1/seq-4/#words=from+his+pocket,gun,young,m,,members of families of high standing,Perpetrator,Attempted Murder,
The Sedalia weekly bazoo. [volume],Sedalia,Missouri,3/15/1881,https://chroniclingamerica.loc.gov/lccn/sn90061066/1881-03-15/ed-1/seq-3/#words=in+his+pocketbook,money,,m,Black,,Perpetrator,Theft,
The Sedalia weekly bazoo. [volume],Sedalia,Missouri,3/15/1881,https://chroniclingamerica.loc.gov/lccn/sn90061066/1881-03-15/ed-1/seq-3/#words=in+his+pocketbook,money,,m,,,Victim,Theft,
NYT,New York,New York,5/18/1881,https://www.nytimes.com/1881/05/18/archives/miscellaneous-city-news-probable-suicide-by-a-child-effie-person.html,money,,m,,clerk of piano store,Victim,Theft,
NYT,New York,New York,5/18/1881,https://www.nytimes.com/1881/05/18/archives/miscellaneous-city-news-probable-suicide-by-a-child-effie-person.html,gun,14,f,,daughter of clerk of piano company,Victim,Suicide,
NYT,New York,New York,5/18/1881,https://www.nytimes.com/1881/05/18/archives/miscellaneous-city-news-probable-suicide-by-a-child-effie-person.html,money,,m,,clerk of piano store,Victim,Theft,
NYT,New York,New York,5/18/1881,https://www.nytimes.com/1881/05/18/archives/miscellaneous-city-news-probable-suicide-by-a-child-effie-person.html,gun,14,f,,daughter of clerk of piano company,Victim,Suicide,
NYT,Bradford,Pennsylvania,6/20/1881,https://www.nytimes.com/1881/06/20/archives/an-unknown-body-found.html,bill,45,m,,well dressed,Victim,Unidentified body,
Daily evening bulletin. [volume],Flemingsburg,Kentucky,12/9/1881,https://chroniclingamerica.loc.gov/lccn/sn86069124/1881-12-09/ed-1/seq-1/#words=from+his+pocket,gun,18,m,,,Perpetrator,Rape,
NYT,New York,New York,12/26/1881,https://timesmachine.nytimes.com/timesmachine/1881/12/26/106238338.html?pageNumber=8,"money, note",,f,,,Victim,Theft,
The Silver state. [volume],Unionville,Nevada,1/21/1882,https://chroniclingamerica.loc.gov/lccn/sn84022060/1882-01-21/ed-1/seq-3/#words=from+his+pockets,money,,m,,,Victim,Theft,
Evening bulletin. [volume],New York,New York,2/25/1882,https://chroniclingamerica.loc.gov/lccn/sn86069125/1882-02-25/ed-1/seq-3/#words=on+his+person,"letter, money",,m,,,Perpetrator,Counterfeiter,
NYT,Chicago,Illinois,4/24/1882,https://www.nytimes.com/1882/04/24/archives/a-street-murder-in-chicago-an-unknown-man-killedthe-murderers.html,"card, ",,m,,,Victim,Murder,
NYT,Chicago,Illinois,4/24/1882,https://www.nytimes.com/1882/04/24/archives/a-street-murder-in-chicago-an-unknown-man-killedthe-murderers.html,"money, gun",,m,,Farmer,Perpetrator,Murder,
NYT,New York,New York,7/7/1882,https://www.nytimes.com/1882/07/07/archives/steve-raymond-in-custody-a-noted-forger-caught-with-skeleton-keys.html,"burglar's tools, key",middle aged,m,,forger,Perpetrator,"Assault, Theft",
NYT,New York,New York,7/7/1882,https://www.nytimes.com/1882/07/07/archives/steve-raymond-in-custody-a-noted-forger-caught-with-skeleton-keys.html,watch,,m,,,Victim,"Assault, Theft",
NYT,New York,New York,7/7/1882,https://www.nytimes.com/1882/07/07/archives/steve-raymond-in-custody-a-noted-forger-caught-with-skeleton-keys.html,watch,,m,,,Victim,"Assault, Theft",
NYT,New York,New York,7/7/1882,https://www.nytimes.com/1882/07/07/archives/steve-raymond-in-custody-a-noted-forger-caught-with-skeleton-keys.html,"burglar's tools, key",middle aged,m,,forger,Perpetrator,"Assault, Theft",
The Albany Law Journal; A Weekly Record of the Law and the Lawyers (1870-1908),Jessamine,Kentucky,7/8/1882,http://nuncio.cofc.edu/login?url=https://www.proquest.com/reports/notes/docview/124847611/se-2?accountid=9959,gun,,m,,,Victim,Murder,https://cite.case.law/ky/78/183/
The river press. [volume],Fort Benton,Montana,7/19/1882,https://chroniclingamerica.loc.gov/lccn/sn85053157/1882-07-19/ed-1/seq-3/#words=from+his+pocket,gun,,m,,,Both,Gunshot wound,
Huntsville gazette. [volume],Manitowac,Wisconsin,9/30/1882,https://chroniclingamerica.loc.gov/lccn/sn84020151/1882-09-30/ed-1/seq-1/#words=from+her+pockets,money,,f,,,Victim,"Murder, Theft",
The National Police Gazette (1845-1906),Little Rock,Arkansas,10/21/1882,http://nuncio.cofc.edu/login?url=https://www.proquest.com/magazines/arkansas-terror/docview/127616115/se-2?accountid=9959,money,,m,Black,,Victim,Murder,
The National Police Gazette (1845-1906),Little Rock,Arkansas,10/21/1882,http://nuncio.cofc.edu/login?url=https://www.proquest.com/magazines/arkansas-terror/docview/127616115/se-2?accountid=9959,money,,m,Irish,Trackwalker,Victim,Murder,
The National Police Gazette (1845-1906),Little Rock,Arkansas,10/21/1882,http://nuncio.cofc.edu/login?url=https://www.proquest.com/magazines/arkansas-terror/docview/127616115/se-2?accountid=9959,money,,m,,Trackwalker,Victim,Murder,
The National Police Gazette (1845-1906),Little Rock,Arkansas,10/21/1882,http://nuncio.cofc.edu/login?url=https://www.proquest.com/magazines/arkansas-terror/docview/127616115/se-2?accountid=9959,money,,m,,,Victim,Murder,
The Salt Lake herald. [volume],Ogden,Utah,12/6/1882,https://chroniclingamerica.loc.gov/lccn/sn85058130/1882-12-06/ed-1/seq-4/#words=Coroners+Inquest,typeface,35,m,,,Victim,Accident,
The Daily Astorian. [volume],Warsaw,Wisconsin,1/26/1883,https://chroniclingamerica.loc.gov/lccn/sn96061149/1883-01-26/ed-1/seq-1/#words=in+his+pocket,knife,,m,French Canadian,Logger,Victim,Accident,"Took place in Warsaw, WI in 1872"
The National Police Gazette (1845-1906),Santa Clara,New Mexico,3/3/1883,http://nuncio.cofc.edu/login?url=https://www.proquest.com/magazines/parsons-discovery/docview/127606723/se-2?accountid=9959,"gold, watch",,m,Chinese,rancher,Victim,Murder,
The National Police Gazette (1845-1906),Santa Clara,New Mexico,3/3/1883,http://nuncio.cofc.edu/login?url=https://www.proquest.com/magazines/parsons-discovery/docview/127606723/se-2?accountid=9959,"gold, watch",,m,Chinese,rancher,Victim,Murder,
The National Police Gazette (1845-1906),Santa Clara,New Mexico,3/3/1883,http://nuncio.cofc.edu/login?url=https://www.proquest.com/magazines/parsons-discovery/docview/127606723/se-2?accountid=9959,"gold, watch",,m,Chinese,rancher,Victim,Murder,
The National Police Gazette (1845-1906),Santa Clara,New Mexico,3/3/1883,http://nuncio.cofc.edu/login?url=https://www.proquest.com/magazines/parsons-discovery/docview/127606723/se-2?accountid=9959,"gold, watch",,m,Chinese,rancher,Victim,Murder,
The Milan exchange.,Hico,Texas,3/24/1883,https://chroniclingamerica.loc.gov/lccn/sn86053488/1883-03-24/ed-1/seq-4/#words=in+his+pocket,"pocketbook, money, photograph, book",35,m,,,Act of insanity,Act of insanity,"Took place in ""Hico"""
The Frankfort roundabout. [volume],Frankfort,Kentucky,3/31/1883,https://chroniclingamerica.loc.gov/lccn/sn86069848/1883-03-31/ed-1/seq-3/#words=in+his+possession,"meat, burglar's tools",,m,Black,ex-convict,Perpetrator,Theft,
The National Police Gazette (1845-1906),Glendale,Montana,4/7/1883,http://nuncio.cofc.edu/login?url=https://www.proquest.com/magazines/montona-horror/docview/127605288/se-2?accountid=9959,money,,m,,,Victim,Murder,http://nuncio.cofc.edu/login?url=https://www.proquest.com/magazines/murderer-burns-corpse/docview/127605290/se-2?accountid=9959
The Frankfort roundabout. [volume],Frankfort,Kentucky,6/16/1883,https://chroniclingamerica.loc.gov/lccn/sn86069848/1883-06-16/ed-1/seq-2/#words=from+the+pockets,"money, knife",,m,,,Victim,Theft,Black perp
The daily enterprise. [volume],Livingston,Montana,6/22/1883,https://chroniclingamerica.loc.gov/lccn/sn85053382/1883-06-22/ed-1/seq-1/#words=on+his+person,"money, letter",,m,,railroad worker,Victim,"Theft, Murder",
The Youth's Companion (1827-1929),Boston,Massachusetts,7/26/1883,http://nuncio.cofc.edu/login?url=https://www.proquest.com/magazines/conscience/docview/127057407/se-2?accountid=9959,money,,f,,poor widow,Victim,Theft,
The daily enterprise. [volume],Livingston,Montana,8/1/1883,https://chroniclingamerica.loc.gov/lccn/sn85053382/1883-08-01/ed-1/seq-1/#words=in+her+pocketbook,"money, ring",,m,,,Victim,Theft,
NYT,Lawrence,Massachusetts,8/12/1883,https://www.nytimes.com/1883/08/12/archives/a-terrible-death-a-drunken-man-on-a-revolving-belt-four-hours.html,"money, gun, barrels, knife",02/08/1900,m,,,Victim,Accident,
The daily enterprise. [volume],Livingston,Montana,8/16/1883,https://chroniclingamerica.loc.gov/lccn/sn85053382/1883-08-16/ed-1/seq-2/#words=in+his+pocket,gun,,m,,,Perpetrator,Murder,
Sun River sun. [volume],Sun River,Montana,3/20/1884,https://chroniclingamerica.loc.gov/lccn/sn86075197/1884-03-20/ed-1/seq-2/#words=from+his+pockets,"money, knife",,m,,"""one of our most influential and wealthiest citizens""",Victim,Theft,
NYT,Dennisport,Massachusetts,4/3/1884,https://www.nytimes.com/1884/04/03/archives/an-unknown-body-found.html,receipt,,m,,sailor,Victim,Unknown body,
Daily evening bulletin. [volume],Pocahontas,Virginia,4/14/1884,https://chroniclingamerica.loc.gov/lccn/sn87060189/1884-04-14/ed-1/seq-1/#words=Coroners+Inquest,"knife, pocketbook",,m,Black,miner,Victim,Mine Explosion,
The National Police Gazette (1845-1906),New York,New York,7/5/1884,http://nuncio.cofc.edu/login?url=https://www.proquest.com/magazines/broadway-rounder/docview/127612231/se-2?accountid=9959,"watch, chain",,m,,Con artist,Perpetrator,Theft,
The National Police Gazette (1845-1906),New York,New York,7/5/1884,http://nuncio.cofc.edu/login?url=https://www.proquest.com/magazines/broadway-rounder/docview/127612231/se-2?accountid=9959,money,21,m,,wealthy son,Victim,Theft,
The daily enterprise. [volume],Livingston,Montana,8/11/1884,https://chroniclingamerica.loc.gov/lccn/sn85053382/1884-08-11/ed-1/seq-1/#words=in+his+pocket,knife,,m,,,Perpetrator,Murder,
NYT,Cornwall,New York,9/19/1884,https://www.nytimes.com/1884/09/19/archives/assaulted-on-her-way-home-a-girls-narrow-escape-from-the-clutches.html,purse,30,m,Black,,Perpetrator,"Assault, Theft",Black assailant
NYT,Bridgeport,Connecticut,9/29/1884,https://www.nytimes.com/1884/09/29/archives/an-unknown-suicide.html,"knife, gun",40,m,,,Victim,Suicide,
Daily evening bulletin. [volume],Maysville,Kentucky,12/1/1884,https://chroniclingamerica.loc.gov/lccn/sn87060189/1884-12-01/ed-1/seq-3/#words=from+his+pockets,money,,m,,,Victim,Theft,
The daily Cairo bulletin.,Cairo,Illinois,12/12/1884,https://chroniclingamerica.loc.gov/lccn/sn87082573/1884-12-12/ed-1/seq-1/#words=in+her+reticule,"check, money, handkerchief",,f,,millionaire's widow,Victim,Theft,
Omaha daily bee.,Kansas City,Missouri,1/13/1885,https://chroniclingamerica.loc.gov/lccn/sn99021999/1885-01-13/ed-1/seq-7/#words=Unknown+body,"brakeman's badge, photograph",young,m,,railroad employee,Victim,Suicide,
Idaho semi-weekly world. [volume],Idaho City,Idaho,4/14/1885,https://chroniclingamerica.loc.gov/lccn/sn84022135/1885-04-14/ed-1/seq-3/#words=on+his+person,letter,,m,,fruit tree salesman,Victim,Suicide,
The Frankfort roundabout. [volume],Frankfort,Kentucky,6/20/1885,https://chroniclingamerica.loc.gov/lccn/sn86069848/1885-06-20/ed-1/seq-2/#words=in+her+possession,"money, key",,f,Black,cook,Perpetrator,Theft,
NYT,Amsterdam,New York,6/27/1885,https://www.nytimes.com/1885/06/27/archives/an-unknown-body-found.html,"money, laundry check",35,m,,,Victim,Sudden death,
NYT,Amsterdam,New York,6/27/1885,https://www.nytimes.com/1885/06/27/archives/an-unknown-body-found.html,"money, laundry check",35,m,,,Victim,Unknown death,
Springfield globe-republic.,Kansas City,Missouri,8/7/1885,https://chroniclingamerica.loc.gov/lccn/sn87076916/1885-08-07/ed-1/seq-1/#words=in+his+hand-bag,"gun, cartridges, money",,m,,Farmer,Perpetrator,Attempted Murder,Murder of President
Daily evening bulletin. [volume],Baltimore,Maryland,11/20/1885,https://chroniclingamerica.loc.gov/lccn/sn87060189/1885-11-20/ed-1/seq-4/#words=from+her+pocket,gun,,f,,richly dressed,Victim,Attempted Suicide,
NYT,Troy,New York,1/20/1886,https://www.nytimes.com/1886/01/20/archives/caged-after-two-years-william-d-porter-again-in-the-hands-of.html,"money, watch, chain, diamonds, jewelers tweezers",45,m,,,Perpetrator,Theft,
NYT,New Haven,Connecticut,3/25/1886,https://www.nytimes.com/1886/03/25/archives/found-drowned-in-a-pond.html,stones,aged,m,,,Victim,Suicide,
The midland journal.,Rising Sun,Maryland,5/7/1886,https://chroniclingamerica.loc.gov/lccn/sn89060136/1886-05-07/ed-1/seq-8/#words=in+her+possession,bank notes,,f,,Alms House inmates,Victim,Death,
The Sedalia weekly bazoo. [volume],Sedalia,Missouri,6/22/1886,https://chroniclingamerica.loc.gov/lccn/sn90061066/1886-06-22/ed-1/seq-5/#words=in+her+possession,key,,f,Black,,Perpetrator,Theft,
The Sedalia weekly bazoo. [volume],Sedalia,Missouri,1/4/1887,https://chroniclingamerica.loc.gov/lccn/sn90061066/1887-01-04/ed-1/seq-6/#words=Unknown+body,"handkerchief, hazelnuts",50,m,red hair,tramp or railroad worker,Victim,Unidentified body,
NYT,Staten Island,New York,2/4/1887,https://www.nytimes.com/1887/02/04/archives/a-staten-island-mystery-an-unknown-and-well-dressed-man-found.html,"money, note, clippings, calling card",60-70,m,,well off,Victim,Unidentified body,
NYT,New York,New York,6/18/1887,https://www.nytimes.com/1887/06/18/archives/mr-frenchs-pocketbook.html,money,,m,,board of police residents,Victim,Theft,
Omaha daily bee.,Omaha,Nebraska,7/13/1887,https://chroniclingamerica.loc.gov/lccn/sn99021999/1887-07-13/ed-1/seq-6/#words=in+the+pocketbook,"draft, check",,m,,bank messenger,Victim,Theft,
Omaha daily bee.,Omaha,Nebraska,7/13/1887,https://chroniclingamerica.loc.gov/lccn/sn99021999/1887-07-13/ed-1/seq-6/#words=in+the+pocketbook,"papers, money, receipt, note, gold, check",,,,merchant,Victim,Theft,
NYT,Concord,New Hampshire,12/11/1887,https://timesmachine.nytimes.com/timesmachine/1887/12/11/109314574.html?pageNumber=12,"memorandum book, band accounts, letter, money",,m,,musician,Victim,Fire,
NYT,New York,New York,7/6/1888,https://www.nytimes.com/1888/07/06/archives/andrew-bradys-pocketbook.html,"grand army of the republic membership card, envelope, bond",,m,,constable,Victim,Lost Property,
NYT,New York,New York,7/6/1888,https://www.nytimes.com/1888/07/06/archives/andrew-bradys-pocketbook.html,"grand army of the republic membership card, envelope, replevin bond",,m,,constable,Victim,Lost Property,
The National Police Gazette (1845-1906),Lancaster,Pennsylvania,11/3/1888,http://nuncio.cofc.edu/login?url=https://www.proquest.com/magazines/very-dramatic/docview/127616931/se-2?accountid=9959,"letter, photograph",,m,,,Perpetrator,"Adultery, Abuse, Murder",
NYT,Detroit,Michigan,1/11/1889,https://timesmachine.nytimes.com/timesmachine/1889/01/11/issue.html,"money, watch",,m,,,Victim,"Assault, Theft",
Iuka reporter.,Meridian,Mississippi,6/13/1889,https://chroniclingamerica.loc.gov/lccn/sn87065215/1889-06-13/ed-1/seq-1/#words=in+her+possession,"weapons, counterfeit money",,f,,,Perpetrator,"Counterfeiter, Weapons possession",
NYT,East Kingston,New York,7/18/1889,https://www.nytimes.com/1889/07/18/archives/whose-body-is-this.html,steamship ticket,,m,,brickyard worker,Victim,Unidentified body,
NYT,Elizabeth,New Jersey,7/19/1889,https://www.nytimes.com/1889/07/19/archives/a-pretty-mean-father.html,money,,m,,children,Perpetrator,Theft,"Abusive alcoholic father, released"
NYT,New York,New York,8/11/1889,https://www.nytimes.com/1889/08/11/archives/ejected-from-the-mission.html,money,,f,German,servant,Victim,Theft,
NYT,New York,New York,10/5/1889,https://www.nytimes.com/1889/10/05/archives/a-pocket-of-peculiar-make.html,money,,f,,,Victim,Theft,
Fort Worth daily gazette.,Fort Worth,Texas,5/30/1890,https://chroniclingamerica.loc.gov/lccn/sn86064205/1890-05-30/ed-1/seq-10/#words=in+her+possession,gun,,f,,,Perpetrator,Weapons possession,property of man named Devine
The Big Stone post.,Chicago,Illinois,8/15/1890,https://chroniclingamerica.loc.gov/lccn/sn87060150/1890-08-15/ed-1/seq-7/#words=in+his+pocket,"money, envelope",,m,,Grifter,Perpetrator,Grifter,From Chicago Times
NYT,New York,New York,10/6/1890,https://www.nytimes.com/1890/10/06/archives/a-biter-possibly-bitten-the-police-stumble-on-a-curious-greengoods.html,"counterfeit money, gun",01/28/1900,m,,Farmer,Perpetrator,Green Goods Scam,
The National Police Gazette (1845-1906),West Medford,Massachusetts,10/11/1890,http://nuncio.cofc.edu/login?url=https://www.proquest.com/magazines/robbers-foiled/docview/127620589/se-2?accountid=9959,"money, note",17,f,,student,Victim,Missing Person,Jumped from train
Cherokee scout. [volume],Murphy,North Carolina,10/21/1890,https://chroniclingamerica.loc.gov/lccn/sn83004710/1890-10-21/ed-1/seq-1/#words=on+her+person,knife,,f,English,,Perpetrator,Murder,
The National Police Gazette (1845-1906),Monroe,Connecticut,12/6/1890,http://nuncio.cofc.edu/login?url=https://www.proquest.com/magazines/capt-seeleys-death/docview/127631357/se-2?accountid=9959,rope,,m,German,farm hand,Perpetrator,Murder,
Michigan Farmer (1843-1908),Lansing,Michigan,12/20/1890,http://nuncio.cofc.edu/login?url=https://www.proquest.com/magazines/got-even-with-her/docview/136520641/se-2?accountid=9959,box,child,f,,,Victim,Prank,
Arizona silver belt. [volume],Miami,Arizona,1/10/1891,https://chroniclingamerica.loc.gov/lccn/sn84021913/1891-01-10/ed-1/seq-2/#words=Coroners+Inquest,gun,,m,,Doctor,Victim,Murder,
The Caldwell tribune. [volume],Silver City,Idaho,2/7/1891,https://chroniclingamerica.loc.gov/lccn/sn86091092/1891-02-07/ed-1/seq-4/#words=of+his+pockets,toes,,m,,woodchopper,Victim,Accident,
NYT,Tacoma,Washington,3/16/1891,https://www.nytimes.com/1891/03/16/archives/a-smuggler-captured-taken-with-sixtyfive-cans-of-opium-in-his.html,opium,,m,,,Perpetrator,Smuggling,
The Youth's Companion (1827-1929),New York,New York,4/23/1891,http://nuncio.cofc.edu/login?url=https://www.proquest.com/magazines/she-caught-pickpocket/docview/127079648/se-2?accountid=9959,money,,f,,Wealthy lady,Victim,Theft,Mistaken identity
The Wheeling daily intelligencer. [volume],Wheeling,West Virginia,5/22/1891,https://chroniclingamerica.loc.gov/lccn/sn84026844/1891-05-22/ed-1/seq-2/#words=in+his+pocket,gun,61,m,,doctor,Victim,Murder,
Mexico weekly ledger.,Mexico,Missouri,5/28/1891,https://chroniclingamerica.loc.gov/lccn/sn89067274/1891-05-28/ed-1/seq-1/#words=in+her+hand-bag,money,,f,,,Victim,Tornado,
The Salt Lake herald. [volume],Salt Lake City,Utah,6/30/1891,https://chroniclingamerica.loc.gov/lccn/sn85058130/1891-06-30/ed-1/seq-2/#words=in+his+possession,burglar's tools,,m,,,Perpetrator,possession of burglar's tools,many instances
The Salt Lake herald. [volume],Salt Lake City,Utah,6/30/1891,https://chroniclingamerica.loc.gov/lccn/sn85058130/1891-06-30/ed-1/seq-2/#words=in+his+possession,burglar's tools,,m,,,Perpetrator,possession of burglar's tools,many instances
The Helena independent. [volume],Helena,Montana,8/21/1891,https://chroniclingamerica.loc.gov/lccn/sn83025308/1891-08-21/ed-1/seq-5/#words=in+her+pocketbook,"watch, chain, money",,m,,,Victim,Theft,
The evening bulletin. [volume],Indianapolis,Indiana,10/21/1891,https://chroniclingamerica.loc.gov/lccn/sn87060190/1891-10-21/ed-1/seq-4/#words=Unknown+body,"knife, key",45,m,,Farmer,Victim,Sudden death,
The evening bulletin. [volume],Indianapolis,Indiana,10/21/1891,https://chroniclingamerica.loc.gov/lccn/sn87060190/1891-10-21/ed-1/seq-4/#words=Unknown+body,"knife, key",45,m,,Farmer,Victim,Unidentified body,
Daily independent. [volume],Elko,Nevada,12/30/1891,https://chroniclingamerica.loc.gov/lccn/sn84020355/1891-12-30/ed-1/seq-2/#words=from+his+pocket,gun,,m,,,Perpetrator,Attempted Murder,
The Waco evening news. [volume],Waco,Texas,1/29/1892,https://chroniclingamerica.loc.gov/lccn/sn86088201/1892-01-29/ed-1/seq-3/#words=of+her+pocket,"letter, money",young,f,repectability,,Victim,"Drugging, Theft",
The evening world. [volume],Philadelphia,Pennsylvania,2/9/1892,https://chroniclingamerica.loc.gov/lccn/sn83030193/1892-02-09/ed-3/seq-3/#words=in+her+possession,"diamonds, bag, papers, money",,f,,wife of wealthy man,Victim,"Robbery, Murder",
Olympia tribune.,Monterey,California,4/1/1892,https://chroniclingamerica.loc.gov/lccn/sn88085350/1892-04-01/ed-1/seq-1/#words=in+her+possession,"diamonds, watch",,f,,,Victim,"Robbery, Murder",
Mohave County miner. [volume],Mineral Park,Arizona,4/23/1892,https://chroniclingamerica.loc.gov/lccn/sn84024828/1892-04-23/ed-1/seq-1/#words=in+his+pockets,money,,m,,rancher,Victim,Murder,Cochise county
The Durham daily globe.,El Reno,Oklahoma,4/25/1892,https://chroniclingamerica.loc.gov/lccn/sn91068305/1892-04-25/ed-1/seq-4/#words=from+her+pocket,gun,,f,,,Perpetrator,Murder,
Hot Springs weekly star.,Hot Springs,South Dakota,6/24/1892,https://chroniclingamerica.loc.gov/lccn/sn96090259/1892-06-24/ed-1/seq-8/#words=in+her+possession,watch,,f,,,Victim,Theft,
The Madison daily leader. [volume],Peoria,Illinois,7/14/1892,https://chroniclingamerica.loc.gov/lccn/sn99062034/1892-07-14/ed-1/seq-1/#words=Unknown+body,bangle,,,,,Victim,Unidentified body,
The Frankfort roundabout. [volume],Frankfort,Kentucky,12/24/1892,https://chroniclingamerica.loc.gov/lccn/sn86069848/1892-12-24/ed-1/seq-4/#words=in+his+possession,counterfeit money,,m,,,Perpetrator,Counterfeiter,
The Frankfort roundabout. [volume],Frankfort,Kentucky,12/24/1892,https://chroniclingamerica.loc.gov/lccn/sn86069848/1892-12-24/ed-1/seq-4/#words=in+his+possession,counterfeit money,,m,,,Perpetrator,Counterfeiter,
Daily tobacco leaf-chronicle.,Clarksville,Tennessee,12/26/1892,https://chroniclingamerica.loc.gov/lccn/sn88061072/1892-12-26/ed-1/seq-1/#words=from+his+pockets,money,old,m,,,Victim,Theft,
NYT,Newark,New Jersey,12/28/1892,https://www.nytimes.com/1892/12/28/archives/his-body-found-frozen.html,"watch, money",,m,,forman of liquorice works,Victim,Murder,
NYT,Newark,New Jersey,12/28/1892,https://www.nytimes.com/1892/12/28/archives/his-body-found-frozen.html,"watch, money",,m,,forman of liquorice works,Victim,Murder,
NYT,New York,New York,2/26/1893,https://www.nytimes.com/1893/02/26/archives/seemed-loaded-with-quarters-but-the-colored-man-chew-his-supply.html,money,,m,Black,,Perpetrator,Theft,
NYT,New York,New York,4/5/1893,https://www.nytimes.com/1893/04/05/archives/charged-with-stealing-books-eb-gay-master-of-a-boston-school.html,book,51,m,,school headmaster,Perpetrator,Theft,
Rock Island daily Argus.,Sterling,Illinois,7/8/1893,https://chroniclingamerica.loc.gov/lccn/sn92053945/1893-07-08/ed-1/seq-8/#words=in+his+pockets,handkerchief,40,m,,,Victim,Drowning,
The Neihart herald. [volume],Boulder,Colorado,7/29/1893,https://chroniclingamerica.loc.gov/lccn/sn85053323/1893-07-29/ed-1/seq-1/#words=on+his+person,"gun, money, knife, watch",,m,,,Victim,Suicide,
The Daily Astorian. [volume],Astoria,Oregon,7/30/1893,https://chroniclingamerica.loc.gov/lccn/sn96061150/1893-07-30/ed-1/seq-1/#words=of+her+pocket,key,,f,,,Victim,Murder,
NYT,New York,New York,8/16/1893,https://www.nytimes.com/1893/08/16/archives/suicide-by-an-unknown-woman-shot-herself-twice-in-central-park-she.html,"gun, money, brass token, canadain coil, flower, newspaper, lock of hair, tickets for packages of tea, ring",32,f,German,,Victim,Suicide,
NYT,Monticello,New York,9/9/1893,https://www.nytimes.com/1893/09/09/archives/mrs-halliday-in-jail-she-was-conveyed-to-monticello-yesterday-and.html,watch,,f,,,Perpetrator,Murder,
The Waco evening news. [volume],Waco,Texas,11/9/1893,https://chroniclingamerica.loc.gov/lccn/sn86088201/1893-11-09/ed-1/seq-8/#words=on+his+person,watch,young,m,,sporty looking,Victim,Theft,
The National Police Gazette (1845-1906),Buffalo,New York,2/10/1894,http://nuncio.cofc.edu/login?url=https://www.proquest.com/magazines/walking-on-water/docview/127640945/se-2?accountid=9959,"cocaine, envelope",,f,,,Perpetrator,Murder,
NYT,New York,New York,3/23/1894,https://www.nytimes.com/1894/03/23/archives/young-rykoff-saved-by-friends-arrested-for-shopllfting-and-many.html,"pawn ticket, pin",young,m,pale faced,,Perpetrator,Theft,
The Topeka state journal. [volume],Topeka,Kansas,4/16/1894,https://chroniclingamerica.loc.gov/lccn/sn82016014/1894-04-16/ed-1/seq-3/#words=from+her+pocket,knife,,f,Black,,Perpetrator,Stabbing,
The western sentinel. [volume],Louisville,Kentucky,5/10/1894,https://chroniclingamerica.loc.gov/lccn/sn92073232/1894-05-10/ed-1/seq-1/#words=on+her+person,money,,f,,,Neither,Lawsuit controversy,
The Christian Recorder,Norristown,Pennsylvania,7/5/1894,"THE CHRISTIAN RECORDER, July 5, 1894.",gunpowder,,m,,,Victim,Accident,Injury
The Hawaiian gazette. [volume],Honolulu,Hawaii,7/27/1894,https://chroniclingamerica.loc.gov/lccn/sn83025121/1894-07-27/ed-1/seq-5/#words=in+his+possession,"knife, opium, gun",,m,,opium dealer?,Perpetrator,Murder,
The National Police Gazette (1845-1906),Fort Lee,New Jersey,8/4/1894,http://nuncio.cofc.edu/login?url=https://www.proquest.com/magazines/victim-fiend/docview/127638822/se-2?accountid=9959,"handkerchief, rag",35,m,Italian,Laborer,Perpetrator,"Assault, Kidnapping",
The evening world. [volume],Newtown,New York,8/11/1894,https://chroniclingamerica.loc.gov/lccn/sn83030193/1894-08-11/ed-3/seq-3/#words=Unidentified+body,"eyeglasses, flask, note",02/23/1900,m,German,,Victim,Suicide,
The Daily bulletin. [volume],Honolulu,Hawaii,8/15/1894,https://chroniclingamerica.loc.gov/lccn/sn82016412/1894-08-15/ed-1/seq-3/#words=from+his+pockets,money,,m,Chinese,,Victim,Theft,Unnamed
NYT,Fort Worth,Texas,8/27/1894,https://www.nytimes.com/1894/08/27/archives/had-500000-in-his-possession.html,"money, stocks, bond",,m,,,Perpetrator,Forgery,
NYT,Fort Worth,Texas,8/27/1894,https://www.nytimes.com/1894/08/27/archives/had-500000-in-his-possession.html,"money, stocks, bond",,m,,,Perpetrator,Forgery,
The Daily bulletin. [volume],Chicago,Illinois,10/27/1894,https://chroniclingamerica.loc.gov/lccn/sn82016412/1894-10-27/ed-1/seq-5/#words=in+her+possession,letter,,f,,,Perpetrator,Theft,
The daily morning journal and courier. [volume],New York,New York,11/10/1894,https://chroniclingamerica.loc.gov/lccn/sn86091038/1894-11-07/ed-1/seq-1/#words=in+his+pocket,money,18,m,,silk weaver,Victim,Police Brutality,
The Kootenai herald. [volume],Tacoma,Washington,11/10/1894,https://chroniclingamerica.loc.gov/lccn/sn86091083/1894-11-10/ed-1/seq-3/#words=from+his+pockets,"papers, watch",,m,,,Victim,Murder,
NYT,New York,New York,12/2/1894,https://www.nytimes.com/1894/12/02/archives/pocketbook-makes-trouble-mrs-bergen-paid-the-rent-and-lived-high.html,money,,m,,landlorder,Victim,Lost Property,
The Portland daily press. [volume],Portland,Maine,2/15/1895,https://chroniclingamerica.loc.gov/lccn/sn83016025/1895-02-15/ed-1/seq-5/#words=in+his+pocket,warrant,,m,,US deputy marshall,Victim,Assault,
NYT,New York,New York,2/18/1895,https://www.nytimes.com/1895/02/18/archives/fell-from-the-top-of-east-rock-park-body-of-an-unknown-young-man.html,"waybills, rebate railroad check, money",,m,,,Victim,Unidentified body,
The Republican. [volume],Baltimore,Maryland,3/7/1895,https://chroniclingamerica.loc.gov/lccn/sn88065202/1895-03-07/ed-1/seq-1/#words=in+his+pockets,money,,m,,Farmer,Victim,Theft,
The Republican. [volume],Baltimore,Maryland,3/7/1895,https://chroniclingamerica.loc.gov/lccn/sn88065202/1895-03-07/ed-1/seq-1/#words=in+his+pockets,money,,m,,Farmer,Victim,Theft,
The San Francisco call. [volume],San Francisco,California,3/15/1895,https://chroniclingamerica.loc.gov/lccn/sn85066387/1895-03-15/ed-1/seq-9/#words=in+his+pocketbook,"railroad ticket, ARU card, pocketbook",,m,,railroad worker,Perpetrator,Train Accident,Alleged perp
Fort Worth gazette. [volume],Dallas,Texas,3/20/1895,https://chroniclingamerica.loc.gov/lccn/sn86071158/1895-03-20/ed-1/seq-4/#words=from+her+pockets,"money, stockings",,f,Black,,Perpetrator,"Assault, Theft",Accomplice
Fort Worth gazette. [volume],Dallas,Texas,3/20/1895,https://chroniclingamerica.loc.gov/lccn/sn86071158/1895-03-20/ed-1/seq-4/#words=from+her+pockets,knife,,f,Black,,Perpetrator,"Assault, Theft",Accomplice
Fort Worth gazette. [volume],Dallas,Texas,3/20/1895,https://chroniclingamerica.loc.gov/lccn/sn86071158/1895-03-20/ed-1/seq-4/#words=from+her+pockets,knife,,f,Black,,Perpetrator,"Assault, Theft",Accomplice
Fort Worth gazette. [volume],Dallas,Texas,3/20/1895,https://chroniclingamerica.loc.gov/lccn/sn86071158/1895-03-20/ed-1/seq-4/#words=from+her+pockets,"watch, gun, money",,m,,Blacksmith,Victim,"Assault, Theft",Black assailant
Fort Worth gazette. [volume],Dallas,Texas,3/20/1895,https://chroniclingamerica.loc.gov/lccn/sn86071158/1895-03-20/ed-1/seq-4/#words=from+her+pockets,"money,  knife",,m,,,Victim,Theft,
Fort Worth gazette. [volume],Dallas,Texas,3/20/1895,https://chroniclingamerica.loc.gov/lccn/sn86071158/1895-03-20/ed-1/seq-4/#words=from+her+pockets,"watch, gun, money",,m,,Blacksmith,Victim,"Assault, Theft",Black assailant
Fort Worth gazette. [volume],Dallas,Texas,3/20/1895,https://chroniclingamerica.loc.gov/lccn/sn86071158/1895-03-20/ed-1/seq-4/#words=from+her+pockets,"money, knife",,m,,,Victim,Robbery,
The Forrest City times. [volume],Forrest City,Arkansas,4/5/1895,https://chroniclingamerica.loc.gov/lccn/sn84022960/1895-04-05/ed-1/seq-5/#words=from+his+pocket,gun,,m,,newspaper editor,Perpetrator,Murder,
Bridgeton pioneer.,Bridgeton,New Jersey,4/18/1895,https://chroniclingamerica.loc.gov/lccn/sn87068192/1895-04-18/ed-1/seq-1/#words=in+her+hand+bag,"money, watch",,m,,Railroad Engineer,Victim,Theft,
The weekly messenger. [volume],"Breaux Bridge', 'Parks', 'Saint Martinville","Louisiana', 'Louisiana', 'Louisiana",4/27/1895,https://chroniclingamerica.loc.gov/lccn/sn88064454/1895-04-27/ed-1/seq-3/#words=in+his+pocket,money,,m,,,Victim,Theft,
NYT,New York,New York,6/26/1895,https://timesmachine.nytimes.com/timesmachine/1895/06/26/102463125.html?pageNumber=1,will and testament,,m,English,,Perpetrator,Vagrancy,
NYT,Pittston,Pennsylvania,7/8/1895,https://www.nytimes.com/1895/07/08/archives/shot-her-neighbor-by-mistake.html,gun,01/17/1900,f,,,Perpetrator,Murder,
The silver blade.,Spangle,Washington,7/20/1895,https://chroniclingamerica.loc.gov/lccn/sn88056092/1895-07-20/ed-1/seq-4/#words=from+his+pocket,razor,,m,,,Perpetrator,Murder,
NYT,New York,New York,7/25/1895,http://nuncio.cofc.edu/login?url=https://www-proquest-com.nuncio.cofc.edu/historical-newspapers/found-watch-his-pocket/docview/95318678/se-2?accountid=9959,watch,,m,,,Victim,Theft,
Pullman herald. [volume],Pullman,Washington,8/31/1895,https://chroniclingamerica.loc.gov/lccn/sn88085488/1895-08-31/ed-1/seq-1/#words=from+his+pocket,money,boy,m,,telephone boy,Victim,"Assault, Theft",
NYT,Riverhead,New York,11/10/1895,https://www.nytimes.com/1895/11/10/archives/wealth-decayed-around-him-lazamski-kept-his-fortune-in-a-belt.html,money,,m,Polish,railroad worker,Victim,Lost Property,
The news & observer. [volume],Weldon,North Carolina,12/18/1895,https://chroniclingamerica.loc.gov/lccn/sn85042104/1895-12-18/ed-1/seq-3/#words=from+his+pockets,money,,m,,ship painters foreman,Victim,Theft,
The herald. [microfilm reel],Los Angeles,California,12/21/1895,https://chroniclingamerica.loc.gov/lccn/sn85042461/1895-12-21/ed-1/seq-3/#words=in+her+hand+bag,shirt,,f,,,Perpetrator,Theft,
The eagle.,New York,New York,2/5/1896,https://chroniclingamerica.loc.gov/lccn/sn92070477/1896-02-05/ed-1/seq-12/#words=on+his+person,cologne bottle,young,m,,salesman,Victim,Theft,"New yorker, Baltimore Sun"
The eagle.,Silver City,New Mexico,5/6/1896,https://chroniclingamerica.loc.gov/lccn/sn92070477/1896-05-06/ed-1/seq-11/#words=from+his+pocket,"pipe, tobacco",,m,,quaker,Both,Road Rage,
The eagle.,Silver City,New Mexico,6/10/1896,https://chroniclingamerica.loc.gov/lccn/sn92070477/1896-06-10/ed-1/seq-10/#words=in+his+pocket,papers,,m,,,Perpetrator,Cattle Rustling,May have taken place in Juarez
The Sioux County journal. [volume],Lakeside,Nebraska,7/16/1896,https://chroniclingamerica.loc.gov/lccn/2018270201/1896-07-16/ed-1/seq-5/#words=from+his+pockets,"money, other valuables",,m,,,Victim,Murder,
Waterbury Democrat. [volume],Waterbury,Connecticut,8/8/1896,https://chroniclingamerica.loc.gov/lccn/2016270502/1896-08-08/ed-1/seq-4/#words=from+his+pocket,"scissors, razor",,m,Italian,,Perpetrator,Resisting Arrest,
Waterbury Democrat. [volume],Waterbury,Connecticut,8/8/1896,https://chroniclingamerica.loc.gov/lccn/2016270502/1896-08-08/ed-1/seq-4/#words=from+his+pocket,"scissors, razor",,m,Italian,,Perpetrator,Resisting Arrest,
The Hawaiian star. [volume],Honolulu,Hawaii,8/15/1896,https://chroniclingamerica.loc.gov/lccn/sn82015415/1896-08-15/ed-1/seq-1/#words=from+his+pockets,"money, letter of credit",,m,,millionaire planter,Victim,Kidnapping,
The evening bulletin. [volume],Pittsburgh,Pennsylvania,9/1/1896,https://chroniclingamerica.loc.gov/lccn/sn87060190/1896-09-01/ed-1/seq-1/#words=Unidentified+body,"note, calling card",,m,,,Victim,Suicide,
The Hawaiian star. [volume],Vallejo,California,9/1/1896,https://chroniclingamerica.loc.gov/lccn/sn82015415/1896-09-01/ed-1/seq-1/#words=in+his+possession,forged check,,m,,paymaster's clerk,Perpetrator,Forgery,
The herald. [microfilm reel],Los Angeles,California,9/5/1896,https://chroniclingamerica.loc.gov/lccn/sn85042461/1896-09-05/ed-1/seq-3/#words=Unidentified+Corpse,"gun, pipe, tobacco, note, glass, memorandum book, clippings",60,m,German,,Victim,Suicide,
The Mena weekly star. [volume],Farber,Missouri,9/16/1896,https://chroniclingamerica.loc.gov/lccn/sn85032996/1896-09-16/ed-1/seq-7/#words=on+his+person,letter,,m,,shoemaker,Victim,Accident,
The evening bulletin. [volume],Laporte,Indiana,10/15/1896,https://chroniclingamerica.loc.gov/lccn/sn87060190/1896-10-15/ed-1/seq-4/#words=in+his+possession,money,,m,,,Victim,Missing Person,
Twice-a-week plain dealer.,Cresco,Iowa,10/16/1896,https://chroniclingamerica.loc.gov/lccn/sn88059319/1896-10-16/ed-1/seq-1/#words=from+his+pockets,money,,m,,,Victim,Theft,
The new North-west. [volume],Deer Lodge,Montana,10/16/1896,https://chroniclingamerica.loc.gov/lccn/sn84038125/1896-10-16/ed-1/seq-5/#words=on+his+person,"money, watch, key",73,m,,vagrant,Perpetrator,Vagrancy,
Evening journal. [volume],Wilmington,Delaware,10/19/1896,https://chroniclingamerica.loc.gov/lccn/sn85042354/1896-10-19/ed-1/seq-1/#words=Unidentified+body,key,young,m,,son of meat inspector,Victim,Train Accident,
The Globe-republican. [volume],Chicago,Illinois,10/22/1896,https://chroniclingamerica.loc.gov/lccn/sn84029853/1896-10-22/ed-1/seq-3/#words=of+her+pocket,"handkerchief, pocketbook",,f,,,Victim,Theft,"Few details given, could be apocryphal, chicago chronicle"
The San Francisco call. [volume],San Francisco,California,11/1/1896,https://chroniclingamerica.loc.gov/lccn/sn85066387/1896-11-01/ed-1/seq-4/#words=from+her+pocket,"money, papers",,f,,,Victim,Theft,
NYT,Sands Point,New York,11/8/1896,https://www.nytimes.com/1896/11/08/archives/pound-a-body-on-the-bench.html,"money, pawn ticket",45,m,,fisherman,Victim,Sudden death,
The Redwood gazette. [volume],Redwood Falls,Minnesota,12/3/1896,https://chroniclingamerica.loc.gov/lccn/sn85025570/1896-12-03/ed-1/seq-1/#words=from+his+pockets,"gun, letter",21,m,,hotel porter,Victim,Suicide,
The Lamar register. [volume],Denver,Colorado,12/19/1896,https://chroniclingamerica.loc.gov/lccn/sn86063147/1896-12-19/ed-1/seq-4/#words=in+his+pockets,money,,m,,,Perpetrator,Vagrancy,
The Hawaiian star. [volume],Honolulu,Hawaii,1/29/1897,https://chroniclingamerica.loc.gov/lccn/sn82015415/1897-01-29/ed-1/seq-4/#words=in+a+handbag,"cremains, handkerchief, flower",,f,,,Both,Transporting ashes,
The Hawaiian star. [volume],Honolulu,Hawaii,1/29/1897,https://chroniclingamerica.loc.gov/lccn/sn82015415/1897-01-29/ed-1/seq-4/#words=in+a+handbag,"cremains, handkerchief, flower",,f,,,Neither,Transporting ashes,
NYT,New York,New York,2/17/1897,https://www.nytimes.com/1897/02/17/archives/woman-robbed-at-noonday-purse-suatched-from-mrs-annie-f-raymond-on.html,"check, money",,f,,,Victim,Theft,
The Daily Ardmoreite. [volume],Portland,Oregon,3/8/1897,https://chroniclingamerica.loc.gov/lccn/sn85042303/1897-03-08/ed-1/seq-4/#words=in+his+pockets,"food, matches",,m,,postmaster,Perpetrator,embezzlement,
NYT,Mount Vernon,New York,4/8/1897,https://www.nytimes.com/1897/04/08/archives/pockets-full-of-dynamite-the-man-was-asleep-on-the-harlem-railroad.html,dynamite,40,m,,Laborer,Perpetrator,Sleeping on train tracks with dynamite,
NYT,Mount Vernon,New York,4/8/1897,https://www.nytimes.com/1897/04/08/archives/pockets-full-of-dynamite-the-man-was-asleep-on-the-harlem-railroad.html,dynamite,40,m,,Laborer,Perpetrator,Sleeping on train tracks with dynamite,XXX
The Hawaiian star. [volume],Honolulu,Hawaii,4/20/1897,https://chroniclingamerica.loc.gov/lccn/sn82015415/1897-04-20/ed-1/seq-5/#words=in+his+possession,opium,,m,,hackman,Perpetrator,Opium Dealing,
The Hawaiian star. [volume],Honolulu,Hawaii,4/29/1897,https://chroniclingamerica.loc.gov/lccn/sn82015415/1897-04-29/ed-1/seq-1/#words=in+his+possession,opium,,m,,steamboat purser,Perpetrator,Drug smuggling,
The Roanoke times.,Roanoke,Virginia,5/4/1897,https://chroniclingamerica.loc.gov/lccn/sn95079490/1897-05-04/ed-1/seq-4/#words=from+his+pockets,money,,f,,,Victim,Theft,
Maine Farmer (1844-1900),Standish,Maine,5/6/1897,http://nuncio.cofc.edu/login?url=https://www.proquest.com/magazines/triple-tragedy/docview/135713205/se-2?accountid=9959,money,,f,,,Victim,Murder,
Chariton courier.,Keytesville,Missouri,5/14/1897,https://chroniclingamerica.loc.gov/lccn/sn88068010/1897-05-14/ed-1/seq-5/#words=in+her+pocket-book,"money, handkerchief",,f,,,Victim,Lost Property,
NYT,New York,New York,6/24/1897,https://timesmachine.nytimes.com/timesmachine/1897/06/24/issue.html,gun,64,m,,real estate developer,Perpetrator,Attempted Murder,
The true northerner. [volume],Paw Paw,Michigan,7/7/1897,https://chroniclingamerica.loc.gov/lccn/sn85033781/1897-07-07/ed-1/seq-4/#words=in+his+pocket,gun,,m,,,Perpetrator,Murder,
The Pacific commercial advertiser. [volume],Honolulu,Hawaii,7/8/1897,https://chroniclingamerica.loc.gov/lccn/sn85047084/1897-07-08/ed-1/seq-3/#words=of+the+pockets,money,,m,,bluejacket,Victim,Theft,
The daily morning journal and courier. [volume],West Haven,Connecticut,7/31/1897,https://chroniclingamerica.loc.gov/lccn/sn84020358/1897-07-31/ed-1/seq-3/#words=in+the+pocket,letter,,m,German,Laborer,Victim,Accident,
Semi=weekly graphic.,Pine Bluff,Arkansas,8/11/1897,https://chroniclingamerica.loc.gov/lccn/sn89051163/1897-08-11/ed-1/seq-1/#words=in+his+pocket,"money, check",,m,,cigar and news dealer,Victim,Theft,
The mirror.,Stillwater,Minnesota,8/19/1897,https://chroniclingamerica.loc.gov/lccn/sn90060762/1897-08-19/ed-1/seq-3/#words=from+his+pockets,Confederate ten dollar bill,young,m,,,Both,"Bribery, Vagrancy",
The Brunswick times. [volume],Chicago,Illinois,8/26/1897,https://chroniclingamerica.loc.gov/lccn/sn90052410/1897-08-26/ed-1/seq-1/#words=from+his+pocket,"gold, gun, watch, razor",,m,,Banker,Act of insanity,Act of insanity,Took place in Chicago
NYT,Rockaway Beach,New York,10/10/1897,https://www.nytimes.com/1897/10/10/archives/his-body-on-the-beach-an-unknown-man-found-at-rockaway-was-probably.html,"key, knife, money",60,m,,not a laborer,Victim,Unidentified body,
The Wadsworth dispatch. [volume],Wadsworth,Nevada,10/27/1897,https://chroniclingamerica.loc.gov/lccn/sn86076126/1897-10-27/ed-1/seq-4/#words=from+his+pocket,gun,,m,,frontiersman,Perpetrator,Attempted Murder,mentions of Chinamen
Kansas City journal. [volume],Kansas City,Missouri,11/7/1897,https://chroniclingamerica.loc.gov/lccn/sn86063615/1897-11-07/ed-1/seq-6/#words=in+his+purse,money,,m,,prisoner,Victim,Theft,
Morning appeal. [volume],Carson City,Nevada,11/16/1897,https://chroniclingamerica.loc.gov/lccn/sn86076999/1897-11-16/ed-1/seq-3/#words=in+his+pocket,gun,,m,,,Victim,Murder,
The Wichita daily eagle. [volume],Wichita,Kansas,11/17/1897,https://chroniclingamerica.loc.gov/lccn/sn82014635/1897-11-17/ed-1/seq-5/#words=in+her+possession,"gun, money, ",,m,,,Victim,Attempted Murder,
The Caldwell tribune. [volume],Idaho City,Idaho,11/20/1897,https://chroniclingamerica.loc.gov/lccn/sn86091092/1897-11-20/ed-1/seq-1/#words=on+his+person,"bill, letter, money, ",,m,,,Victim,Murder,
The eagle.,Crystal Springs,Arkansas,1/26/1898,https://chroniclingamerica.loc.gov/lccn/sn92070477/1898-01-26/ed-1/seq-16/#words=from+the+pocket,gun,,m,Black,,Perpetrator,Weapons possession,"Crystal Springs, AR"
NYT,Boston,Massachusetts,2/25/1898,https://www.nytimes.com/1898/02/25/archives/big-loss-of-a-buffalo-man-left-his-pocketbook-with-10810-in-a.html,"money, draft",,m,,,Victim,Theft,
The evening herald. [volume],Shenandoah,Pennsylvania,4/18/1898,https://chroniclingamerica.loc.gov/lccn/sn87078000/1898-04-18/ed-1/seq-1/#words=from+his+pockets,money,,m,Polish,,Victim,Theft,
The evening herald. [volume],Shenandoah,Pennsylvania,4/18/1898,https://chroniclingamerica.loc.gov/lccn/sn87078000/1898-04-18/ed-1/seq-1/#words=from+his+pockets,money,,m,Polish,,Victim,Pickpocket,
People's voice. [volume],Wellington,Kansas,4/21/1898,https://chroniclingamerica.loc.gov/lccn/sn85032801/1898-04-21/ed-1/seq-6/#words=on+her+person,gun,,f,,restaurant worker,Perpetrator,unknown,
The Coconino sun.,Port Eads,Louisiana,4/30/1898,https://chroniclingamerica.loc.gov/lccn/sn87062055/1898-04-30/ed-1/seq-14/#words=on+his+person,camera,,m,Spanish,spy,Perpetrator,Espionage,
The Pacific commercial advertiser. [volume],Honolulu,Hawaii,6/10/1898,https://chroniclingamerica.loc.gov/lccn/sn85047084/1898-06-10/ed-1/seq-1/#words=from+his+pockets,money,,m,,,Victim,Theft,
The Pacific commercial advertiser. [volume],Honolulu,Hawaii,6/10/1898,https://chroniclingamerica.loc.gov/lccn/sn85047084/1898-06-10/ed-1/seq-1/#words=from+his+pockets,money,,m,,,Victim,Theft,
NYT,New York,New York,6/13/1898,https://www.nytimes.com/1898/06/13/archives/robber-shot-in-indiana-a-negro-starts-a-fire-to-rob-a-hotel-safe-in.html,gun,19,m,,,Perpetrator,Assault,
NYT,New York,New York,6/13/1898,https://www.nytimes.com/1898/08/17/archives/girls-story-of-abduction-katie-marrion-says-lean-bought-a-ring-and.html,gun,19,m,,,Perpetrator,Assault,
NYT,Brooklyn,New York,8/17/1898,https://www.nytimes.com/1898/09/16/archives/staten-islands-mystery-body-of-the-woman-found-on-grymes-hill-still.html,"money, ring",15,f,,child,Victim,"Theft, Kidnapping",
NYT,Bridgeport,Connecticut,9/19/1898,https://www.nytimes.com/1898/09/19/archives/the-bridgeport-mystery-another-identification-of-the-body-of-the.html,train ticket,young,f,,,Victim,Murder,
The Wichita daily eagle. [volume],Santa Fe,New Mexico,10/14/1898,https://chroniclingamerica.loc.gov/lccn/sn82014635/1898-10-14/ed-1/seq-5/#words=in+her+pocketbook,"train ticket, money",,f,,mom,Victim,Theft,
The daily chieftain. [volume],Chicago,Illinois,10/17/1898,https://chroniclingamerica.loc.gov/lccn/sn93050700/1898-10-17/ed-1/seq-3/#words=from+his+pockets,"cigar, watch, pocketbook, other valuables",elderly,m,,,Anectdote,Anectdote,
The Redwood gazette. [volume],Redwood Falls,Minnesota,10/20/1898,https://chroniclingamerica.loc.gov/lccn/sn85025570/1898-10-20/ed-1/seq-1/#words=from+his+pockets,"bag, gold dust, gold nuggets",,m,,miner,Anectdote,Anectdote,
The times. [volume],Washington,District of Columbia,12/20/1898,https://chroniclingamerica.loc.gov/lccn/sn85054468/1898-12-20/ed-1/seq-8/#words=in+a+hand-bag,"glove, book, colarette",02/13/1900,f,,,Perpetrator,Theft,
The times. [volume],Richmond,Virginia,1/29/1899,https://chroniclingamerica.loc.gov/lccn/sn85034438/1899-01-29/ed-1/seq-8/#words=in+her+pocketbook,money,young,f,,,Victim,Theft,
The Wheeling daily intelligencer. [volume],Wheeling,West Virginia,3/7/1899,https://chroniclingamerica.loc.gov/lccn/sn84026844/1899-03-07/ed-1/seq-5/#words=on+his+person,"money, check",,m,,,Act of insanity,Act of insanity,
Daily inter mountain. [volume],Butte,Montana,3/11/1899,https://chroniclingamerica.loc.gov/lccn/sn85053057/1899-03-11/ed-1/seq-8/#words=in+his+possession,"counterfeit money, saw",,m,,,Perpetrator,"Counterfeiter, Weapons possession",
The Hawaiian star. [volume],Honolulu,Hawaii,3/22/1899,https://chroniclingamerica.loc.gov/lccn/sn82015415/1899-03-22/ed-1/seq-4/#words=in+his+purse,counterfeit money,,,,,Victim,Counterfeiter,
The Topeka state journal. [volume],Kansas City,Kansas,3/31/1899,https://chroniclingamerica.loc.gov/lccn/sn82016014/1899-03-31/ed-1/seq-6/#words=in+her+pocketbook,money,,f,,,Victim,Theft,
Daily capital journal.,Salem,Oregon,4/18/1899,https://chroniclingamerica.loc.gov/lccn/sn99063955/1899-04-18/ed-1/seq-4/#words=in+his+purse,money,,m,,,Victim,Theft,
The Anaconda standard. [volume],Anaconda,Montana,4/21/1899,https://chroniclingamerica.loc.gov/lccn/sn84036012/1899-04-21/ed-1/seq-7/#words=Unknown+body,money,,m,,,Victim,Unidentified body,
Hopkinsville Kentuckian. [volume],Crofton,Kentucky,4/28/1899,https://chroniclingamerica.loc.gov/lccn/sn86069395/1899-04-28/ed-1/seq-1/#words=Coroners+Inquest,"envelope, money, gun",38,m,,Farmer,Victim,Suicide,
The daily chieftain. [volume],Vinita,Oklahoma,5/2/1899,https://chroniclingamerica.loc.gov/lccn/sn93050700/1899-05-02/ed-1/seq-2/#words=in+the+pocketbook,pin,,f,,daughter of us marshal,Victim,Lost Property,
Dakota farmers' leader.,Sioux City,South Dakota,5/5/1899,https://chroniclingamerica.loc.gov/lccn/sn00065127/1899-05-05/ed-1/seq-1/#words=from+his+pockets,"money, railroad ticket",22,m,Does not understand english well,coal heaver,Victim,Theft,
The Indianapolis journal. [volume],Indianapolis,Indiana,5/7/1899,https://chroniclingamerica.loc.gov/lccn/sn82015679/1899-05-07/ed-1/seq-8/#words=in+her+pocket,"hose, necktie, belt, money",33,f,,wife of harness maker,Perpetrator,Shoplifting,
The daily chieftain. [volume],Vinita,Oklahoma,6/23/1899,https://chroniclingamerica.loc.gov/lccn/sn93050700/1899-06-23/ed-1/seq-1/#words=in+his+pockets,money,40,m,,deputy US Marshal,Victim,Drowning,
Chariton courier.,Keytesville,Missouri,8/4/1899,https://chroniclingamerica.loc.gov/lccn/sn88068010/1899-08-04/ed-1/seq-3/#words=on+his+person,money,,m,Black,,Victim,"Murder, Theft",
Daily independent. [volume],Osino,Nevada,8/8/1899,https://chroniclingamerica.loc.gov/lccn/sn84020355/1899-08-08/ed-1/seq-3/#words=on+his+person,poll tax receipt,35,m,American,,Victim,Train Accident,
NYT,New York,New York,8/28/1899,https://www.nytimes.com/1899/08/28/archives/may-be-a-murder-mystery-salem-nj-authorities-however-have-not-even.html,razor,25,m,Italian,,Perpetrator,Attempted Murder,
The Marshall republican. [volume],Marshall,Missouri,9/8/1899,https://chroniclingamerica.loc.gov/lccn/sn89066240/1899-09-08/ed-1/seq-3/#words=on+his+person,gun,,m,Black,tramp,Perpetrator,"Counterfeiter, Weapons possession",
The Lancaster ledger. [volume],Lancaster,South Carolina,9/20/1899,https://chroniclingamerica.loc.gov/lccn/sn84026900/1899-09-20/ed-1/seq-3/#words=in+his+pocket,"glove, pocketbook, money, handkerchief",,m,,,Victim,Theft,
The Stark County Democrat. [volume],Canton,Ohio,10/10/1899,https://chroniclingamerica.loc.gov/lccn/sn84028490/1899-10-10/ed-1/seq-2/#words=in+his+pocket,"chain, key, money",,m,Black,Janitor,Perpetrator,Theft,
Virginian-pilot.,Petersburg,Virginia,11/11/1899,https://chroniclingamerica.loc.gov/lccn/sn86071779/1899-11-11/ed-1/seq-8/#words=on+his+person,"money, gun",,m,Italian,,Perpetrator,Weapons possession,
The Globe-republican. [volume],Chicago,Illinois,12/30/1899,https://chroniclingamerica.loc.gov/lccn/sn84029853/1896-10-22/ed-1/seq-3/#words=of+her+pocket,ring,,m,,Thief,Perpetrator,Theft,"Left ring at crime scene, Chicago chronicle"
The mirror.,Stillwater,Minnesota,12/30/1899,https://chroniclingamerica.loc.gov/lccn/sn90060762/1897-08-19/ed-1/seq-3/#words=from+his+pockets,watch,,m,,shoe shop foreman,Victim,Theft,